Message Sent,Message Received,Display Updated
1575564324.1321676,1575564324.3123198,1575564324.329488
1575564324.1321676,1575564324.4307835,1575564324.438654
1575564324.1321676,1575564324.5402288,1575564324.5488045
1575564324.1321676,1575564324.6499066,1575564324.6565413
1575564324.1321676,1575564324.7577977,1575564324.7640164
1575564324.1321676,1575564324.8652244,1575564324.872009
1575564324.1321676,1575564324.9733446,1575564324.9801378
1575564324.1321676,1575564325.0807185,1575564325.0825095
1575564324.1321676,1575564325.1835134,1575564325.1892836
1575564324.1321676,1575564325.2903495,1575564325.296263
1575564324.1321676,1575564325.3986256,1575564325.4356542
1575564324.1321676,1575564325.5364573,1575564325.5394452
1575564324.1321676,1575564325.6407466,1575564325.6471417
1575564324.1321676,1575564325.7486467,1575564325.757139
1575564324.1321676,1575564325.858295,1575564325.8640118
1575564324.1321676,1575564325.9649968,1575564325.9713585
1575564324.1321676,1575564326.0724893,1575564326.0787241
1575564324.1321676,1575564326.1799085,1575564326.1882226
1575564324.1321676,1575564326.2897491,1575564326.297915
1575564324.1321676,1575564326.39918,1575564326.4049633
1575564324.1321676,1575564326.507139,1575564326.5198715
1575564324.1321676,1575564326.621216,1575564326.6301055
1575564324.1321676,1575564326.73187,1575564326.7394595
1575564324.1321676,1575564326.840518,1575564326.849159
1575564324.1321676,1575564326.9504914,1575564326.9567766
1575564324.1321676,1575564327.0579705,1575564327.0647411
1575564324.1321676,1575564327.1658995,1575564327.1722984
1575564324.1321676,1575564327.2737432,1575564327.2799926
1575564324.1321676,1575564327.3811486,1575564327.3886154
1575564324.1321676,1575564327.4898129,1575564327.4966993
1575564324.1321676,1575564327.5982802,1575564327.6123185
1575564324.1321676,1575564327.713514,1575564327.7202232
1575564324.1321676,1575564327.8214746,1575564327.8284624
1575564324.1321676,1575564327.9296913,1575564327.937704
1575564324.1321676,1575564328.039141,1575564328.0458446
1575564324.1321676,1575564328.147143,1575564328.1533647
1575564324.1321676,1575564328.2545717,1575564328.2614372
1575564324.1321676,1575564328.3627455,1575564328.3700106
1575564324.1321676,1575564328.4713073,1575564328.4779887
1575564324.1321676,1575564328.5793335,1575564328.586067
1575564324.1321676,1575564328.6880698,1575564328.700803
1575564324.1321676,1575564328.8021355,1575564328.809258
1575564324.1321676,1575564328.9106076,1575564328.91719
1575564324.1321676,1575564329.0187914,1575564329.026286
1575564324.1321676,1575564329.1276276,1575564329.1346073
1575564324.1321676,1575564329.2361684,1575564329.2409012
1575564324.1321676,1575564329.3415456,1575564329.3435612
1575564324.1321676,1575564329.444593,1575564329.4502115
1575564324.1321676,1575564329.551333,1575564329.5581105
1575564324.1321676,1575564329.6594028,1575564329.6653824
1575564324.1321676,1575564329.767433,1575564329.779708
1575564324.1321676,1575564329.880882,1575564329.8875618
1575564324.1321676,1575564329.9887679,1575564329.9965835
1575564324.1321676,1575564330.098253,1575564330.1075816
1575564324.1321676,1575564330.208708,1575564330.2140362
1575564324.1321676,1575564330.3155866,1575564330.3243487
1575564324.1321676,1575564330.4255676,1575564330.431773
1575564324.1321676,1575564330.5332727,1575564330.5410285
1575564324.1321676,1575564330.6422303,1575564330.6479928
1575564324.1321676,1575564330.749402,1575564330.7570298
1575564324.1321676,1575564330.8586774,1575564330.8691466
1575564324.1321676,1575564330.9703133,1575564330.9766238
1575564324.1321676,1575564331.0777836,1575564331.0840793
1575564324.1321676,1575564331.1856318,1575564331.192345
1575564324.1321676,1575564331.293597,1575564331.3002117
1575564324.1321676,1575564331.401816,1575564331.4086
1575564324.1321676,1575564331.5093179,1575564331.5111458
1575564324.1321676,1575564331.6121824,1575564331.6211689
1575564324.1321676,1575564331.7223532,1575564331.7310586
1575564324.1321676,1575564331.832195,1575564331.8407905
1575564324.1321676,1575564331.9423952,1575564331.953176
1575564324.1321676,1575564332.054392,1575564332.0607848
1575564324.1321676,1575564332.1620383,1575564332.1685193
1575564324.1321676,1575564332.269655,1575564332.275698
1575564324.1321676,1575564332.377049,1575564332.38525
1575564324.1321676,1575564332.4865372,1575564332.493415
1575564324.1321676,1575564332.5944407,1575564332.600982
1575564324.1321676,1575564332.7022567,1575564332.708725
1575564324.1321676,1575564332.8100102,1575564332.8171136
1575564324.1321676,1575564332.9185944,1575564332.9247653
1575564324.1321676,1575564333.0264974,1575564333.039292
1575564324.1321676,1575564333.1406019,1575564333.146511
1575564324.1321676,1575564333.2480383,1575564333.2545793
1575564324.1321676,1575564333.3561485,1575564333.3624215
1575564324.1321676,1575564333.46367,1575564333.4706626
1575564324.1321676,1575564333.5718462,1575564333.57794
1575564324.1321676,1575564333.6791768,1575564333.6854
1575564324.1321676,1575564333.7865574,1575564333.7929637
1575564324.1321676,1575564333.8941905,1575564333.9010837
1575564324.1321676,1575564334.0022821,1575564334.0085502
1575564324.1321676,1575564334.1102095,1575564334.1214712
1575564324.1321676,1575564334.2226894,1575564334.2288804
1575564324.1321676,1575564334.3300385,1575564334.3361895
1575564324.1321676,1575564334.4373367,1575564334.443581
1575564324.1321676,1575564334.5447521,1575564334.552619
1575564324.1321676,1575564334.653958,1575564334.6602418
1575564324.1321676,1575564334.7614079,1575564334.7678096
1575564324.1321676,1575564334.868945,1575564334.875226
1575564324.1321676,1575564334.9765193,1575564334.9827769
1575564324.1321676,1575564335.084048,1575564335.0902033
1575564324.1321676,1575564335.192135,1575564335.203721
1575564324.1321676,1575564335.3052912,1575564335.3126597
1575564324.1321676,1575564335.4139059,1575564335.4209201
1575564324.1321676,1575564335.5221217,1575564335.528298
1575564324.1321676,1575564335.6294758,1575564335.6363394
1575564324.1321676,1575564335.7375882,1575564335.7437577
1575564324.1321676,1575564335.8449516,1575564335.8535216
1575564324.1321676,1575564335.9547184,1575564335.9631329
1575564324.1321676,1575564336.0646422,1575564336.072821
1575564324.1321676,1575564336.1740806,1575564336.1811166
1575564324.1321676,1575564336.282997,1575564336.2940347
1575564324.1321676,1575564336.3953311,1575564336.4019556
1575564324.1321676,1575564336.5032487,1575564336.5095432
1575564324.1321676,1575564336.6107197,1575564336.616992
1575564324.1321676,1575564336.7181425,1575564336.7244196
1575564324.1321676,1575564336.8255973,1575564336.8318555
1575564324.1321676,1575564336.9330344,1575564336.9415455
1575564324.1321676,1575564337.0427184,1575564337.0513089
1575564324.1321676,1575564337.1524847,1575564337.158655
1575564324.1321676,1575564337.259854,1575564337.2661588
1575564324.1321676,1575564337.367979,1575564337.3820894
1575564324.1321676,1575564337.483601,1575564337.4923403
1575564324.1321676,1575564337.5935905,1575564337.6004782
1575564324.1321676,1575564337.701741,1575564337.707834
1575564324.1321676,1575564337.8090322,1575564337.8153844
1575564324.1321676,1575564337.9165373,1575564337.9224744
1575564324.1321676,1575564338.0237858,1575564338.029843
1575564324.1321676,1575564338.1311135,1575564338.1372442
1575564324.1321676,1575564338.2384448,1575564338.2445676
1575564324.1321676,1575564338.3457174,1575564338.354283
1575564324.1321676,1575564338.4558556,1575564338.4689865
1575564324.1321676,1575564338.570638,1575564338.5770907
1575564324.1321676,1575564338.6783667,1575564338.684948
1575564324.1321676,1575564338.7861514,1575564338.7923412
1575564324.1321676,1575564338.8936062,1575564338.8997836
1575564324.1321676,1575564339.001108,1575564339.0073333
1575564324.1321676,1575564339.1085525,1575564339.1145494
1575564324.1321676,1575564339.2157938,1575564339.22255
1575564324.1321676,1575564339.3239543,1575564339.3309805
1575564324.1321676,1575564339.4321988,1575564339.438271
1575564324.1321676,1575564339.5400178,1575564339.5552843
1575564324.1321676,1575564339.6564386,1575564339.6633441
1575564324.1321676,1575564339.764831,1575564339.7709804
1575564324.1321676,1575564339.8722012,1575564339.8790016
1575564324.1321676,1575564339.9802938,1575564339.9880042
1575564324.1321676,1575564340.089227,1575564340.0953462
1575564324.1321676,1575564340.1965322,1575564340.2026064
1575564324.1321676,1575564340.3038783,1575564340.3098197
1575564324.1321676,1575564340.4110456,1575564340.4171672
1575564324.1321676,1575564340.5183787,1575564340.5245466
1575564324.1321676,1575564340.6262407,1575564340.636125
1575564324.1321676,1575564340.737358,1575564340.7437673
1575564324.1321676,1575564340.844267,1575564340.8463004
1575564324.1321676,1575564340.946876,1575564340.9490132
1575564324.1321676,1575564341.0502267,1575564341.056405
1575564324.1321676,1575564341.1575525,1575564341.1649122
1575564324.1321676,1575564341.2661662,1575564341.2732954
1575564324.1321676,1575564341.3745112,1575564341.3807368
1575564324.1321676,1575564341.481917,1575564341.4885347
1575564324.1321676,1575564341.589842,1575564341.5960417
1575564324.1321676,1575564341.6980917,1575564341.7116055
1575564324.1321676,1575564341.8131301,1575564341.8200898
1575564324.1321676,1575564341.9212506,1575564341.9273193
1575564324.1321676,1575564342.0286818,1575564342.0355406
1575564324.1321676,1575564342.1367657,1575564342.1431212
1575564324.1321676,1575564342.244384,1575564342.2507124
1575564324.1321676,1575564342.3519187,1575564342.3582418
1575564324.1321676,1575564342.459514,1575564342.466272
1575564324.1321676,1575564342.5676963,1575564342.5743952
1575564324.1321676,1575564342.6756725,1575564342.6818519
1575564324.1321676,1575564342.7836142,1575564342.7933948
1575564324.1321676,1575564342.894659,1575564342.9024663
1575564324.1321676,1575564343.003749,1575564343.0098388
1575564324.1321676,1575564343.1111276,1575564343.1172688
1575564324.1321676,1575564343.2184477,1575564343.2269535
1575564324.1321676,1575564343.3281019,1575564343.3364086
1575564324.1321676,1575564343.4375372,1575564343.4452808
1575564324.1321676,1575564343.5464232,1575564343.5555367
1575564324.1321676,1575564343.6567538,1575564343.662326
1575564324.1321676,1575564343.7637215,1575564343.7701364
1575564324.1321676,1575564343.871853,1575564343.8834956
1575564324.1321676,1575564343.9847322,1575564343.990792
1575564324.1321676,1575564344.0919578,1575564344.0979831
1575564324.1321676,1575564344.199214,1575564344.2053967
1575564324.1321676,1575564344.3065639,1575564344.3127692
1575564324.1321676,1575564344.413848,1575564344.4207356
1575564324.1321676,1575564344.5219827,1575564344.5288684
1575564324.1321676,1575564344.6301966,1575564344.6370091
1575564324.1321676,1575564344.7380157,1575564344.7453685
1575564324.1321676,1575564344.8468442,1575564344.8534455
1575564324.1321676,1575564344.9552283,1575564344.966825
1575564324.1321676,1575564345.0682576,1575564345.0747802
1575564324.1321676,1575564345.1759517,1575564345.182722
1575564324.1321676,1575564345.2839077,1575564345.2901034
1575564324.1321676,1575564345.3913264,1575564345.3984
1575564324.1321676,1575564345.4998379,1575564345.5065057
1575564324.1321676,1575564345.6077216,1575564345.613906
1575564324.1321676,1575564345.7150576,1575564345.7212167
1575564324.1321676,1575564345.8222551,1575564345.8303533
1575564324.1321676,1575564345.9318018,1575564345.9378967
1575564324.1321676,1575564346.0398934,1575564346.0497289
1575564324.1321676,1575564346.1511045,1575564346.1571825
1575564324.1321676,1575564346.2584832,1575564346.2647452
1575564324.1321676,1575564346.3659174,1575564346.3721602
1575564324.1321676,1575564346.4733236,1575564346.4794636
1575564324.1321676,1575564346.5806344,1575564346.586783
1575564324.1321676,1575564346.6879296,1575564346.6960084
1575564324.1321676,1575564346.797075,1575564346.8054502
1575564324.1321676,1575564346.906624,1575564346.9127593
1575564324.1321676,1575564347.0140972,1575564347.0201347
1575564324.1321676,1575564347.1219666,1575564347.131926
1575564324.1321676,1575564347.2331367,1575564347.2392256
1575564324.1321676,1575564347.3404236,1575564347.349062
1575564324.1321676,1575564347.4502423,1575564347.4565558
1575564324.1321676,1575564347.5578146,1575564347.5642405
1575564324.1321676,1575564347.6654818,1575564347.6719184
1575564324.1321676,1575564347.7731092,1575564347.7794507
1575564324.1321676,1575564347.8806446,1575564347.8872876
1575564324.1321676,1575564347.9884932,1575564347.9951081
1575564324.1321676,1575564348.096344,1575564348.1028419
1575564324.1321676,1575564348.2044337,1575564348.2173843
1575564324.1321676,1575564348.318746,1575564348.3251314
1575564324.1321676,1575564348.4261916,1575564348.4329722
1575564324.1321676,1575564348.534209,1575564348.5408974
1575564324.1321676,1575564348.6422005,1575564348.6492586
1575564324.1321676,1575564348.7504778,1575564348.7569823
1575564324.1321676,1575564348.858242,1575564348.8648598
1575564324.1321676,1575564348.9660263,1575564348.9722922
1575564324.1321676,1575564349.0734842,1575564349.0795083
1575564324.1321676,1575564349.1807117,1575564349.1891446
1575564324.1321676,1575564349.2908912,1575564349.305182
1575564324.1321676,1575564349.4064577,1575564349.4126194
1575564324.1321676,1575564349.5138927,1575564349.5225077
1575564324.1321676,1575564349.623749,1575564349.6298878
1575564324.1321676,1575564349.731338,1575564349.7386818
1575564324.1321676,1575564349.8399353,1575564349.8487463
1575564324.1321676,1575564349.9499269,1575564349.9562094
1575564324.1321676,1575564350.0575738,1575564350.0638456
1575564324.1321676,1575564350.1650352,1575564350.1712484
1575564324.1321676,1575564350.2724202,1575564350.278541
1575564324.1321676,1575564350.380345,1575564350.3946037
1575564324.1321676,1575564350.4959252,1575564350.5045302
1575564324.1321676,1575564350.6057122,1575564350.6150017
1575564324.1321676,1575564350.7161424,1575564350.7222028
1575564324.1321676,1575564350.8234344,1575564350.8290281
1575564324.1321676,1575564350.9304287,1575564350.9379623
1575564324.1321676,1575564351.0391538,1575564351.0450313
1575564324.1321676,1575564351.1462855,1575564351.1590707
1575564324.1321676,1575564351.2602923,1575564351.2688053
1575564324.1321676,1575564351.3700001,1575564351.376866
1575564324.1321676,1575564351.4791157,1575564351.4940152
1575564324.1321676,1575564351.595428,1575564351.602077
1575564324.1321676,1575564351.7035215,1575564351.7110217
1575564324.1321676,1575564351.812168,1575564351.8184588
1575564324.1321676,1575564351.919711,1575564351.9258854
1575564324.1321676,1575564352.027173,1575564352.0338378
1575564324.1321676,1575564352.1351757,1575564352.1412592
1575564324.1321676,1575564352.2425463,1575564352.2488043
1575564324.1321676,1575564352.3499422,1575564352.3561368
1575564324.1321676,1575564352.457333,1575564352.463672
1575564324.1321676,1575564352.5654757,1575564352.5755947
1575564324.1321676,1575564352.676809,1575564352.6833239
1575564324.1321676,1575564352.7845182,1575564352.7906468
1575564324.1321676,1575564352.8918548,1575564352.8980796
1575564324.1321676,1575564352.999226,1575564353.0070364
1575564324.1321676,1575564353.1081748,1575564353.1172352
1575564324.1321676,1575564353.2185028,1575564353.22466
1575564324.1321676,1575564353.325886,1575564353.3342042
1575564324.1321676,1575564353.4354346,1575564353.4416707
1575564324.1321676,1575564353.542881,1575564353.54909
1575564324.1321676,1575564353.6508608,1575564353.6662228
1575564324.1321676,1575564353.7674928,1575564353.7736545
1575564324.1321676,1575564353.875032,1575564353.8819017
1575564324.1321676,1575564353.9831426,1575564353.989006
1575564324.1321676,1575564354.0901997,1575564354.0962427
1575564324.1321676,1575564354.1973705,1575564354.203686
1575564324.1321676,1575564354.3049936,1575564354.3118935
1575564324.1321676,1575564354.4136763,1575564354.420332
1575564324.1321676,1575564354.521614,1575564354.5302832
1575564324.1321676,1575564354.6317604,1575564354.6383784
1575564324.1321676,1575564354.7402542,1575564354.7504356
1575564324.1321676,1575564354.8516781,1575564354.8576567
1575564324.1321676,1575564354.9587812,1575564354.965037
1575564324.1321676,1575564355.066253,1575564355.0724964
1575564324.1321676,1575564355.1736593,1575564355.1800206
1575564324.1321676,1575564355.2813408,1575564355.2876956
1575564324.1321676,1575564355.388927,1575564355.3958585
1575564324.1321676,1575564355.4971926,1575564355.5035467
1575564324.1321676,1575564355.6047404,1575564355.6101391
1575564324.1321676,1575564355.7114067,1575564355.7200434
1575564324.1321676,1575564355.8222327,1575564355.832836
1575564324.1321676,1575564355.934033,1575564355.9403794
1575564324.1321676,1575564356.0415614,1575564356.0477588
1575564324.1321676,1575564356.148941,1575564356.1557133
1575564324.1321676,1575564356.2568662,1575564356.2629867
1575564324.1321676,1575564356.3635998,1575564356.3656855
1575564324.1321676,1575564356.4664094,1575564356.4719672
1575564324.1321676,1575564356.573121,1575564356.579965
1575564324.1321676,1575564356.6813939,1575564356.68799
1575564324.1321676,1575564356.789267,1575564356.79792
1575564324.1321676,1575564356.8998072,1575564356.9101777
1575564324.1321676,1575564357.01157,1575564357.0178406
1575564324.1321676,1575564357.1190827,1575564357.1253326
1575564324.1321676,1575564357.2265203,1575564357.2328386
1575564324.1321676,1575564357.3342364,1575564357.3410974
1575564324.1321676,1575564357.4422822,1575564357.448714
1575564324.1321676,1575564357.5498562,1575564357.5558505
1575564324.1321676,1575564357.6565049,1575564357.6587903
1575564324.1321676,1575564357.7598724,1575564357.7667708
1575564324.1321676,1575564357.867897,1575564357.8757176
1575564324.1321676,1575564357.9775016,1575564357.9918983
1575564324.1321676,1575564358.0932052,1575564358.099812
1575564324.1321676,1575564358.201127,1575564358.2077696
1575564324.1321676,1575564358.3089714,1575564358.3153503
1575564324.1321676,1575564358.4166844,1575564358.4234455
1575564324.1321676,1575564358.524654,1575564358.531552
1575564324.1321676,1575564358.6327744,1575564358.638728
1575564324.1321676,1575564358.7400317,1575564358.7463279
1575564324.1321676,1575564358.8479104,1575564358.85641
1575564324.1321676,1575564358.9576218,1575564358.9640214
1575564324.1321676,1575564359.0661054,1575564359.081717
1575564324.1321676,1575564359.1831555,1575564359.1891882
1575564324.1321676,1575564359.2904027,1575564359.2966423
1575564324.1321676,1575564359.3978598,1575564359.4041026
1575564324.1321676,1575564359.505315,1575564359.512515
1575564324.1321676,1575564359.6137831,1575564359.6203856
1575564324.1321676,1575564359.7215762,1575564359.728008
1575564324.1321676,1575564359.8291678,1575564359.8353214
1575564324.1321676,1575564359.9365184,1575564359.9429476
1575564324.1321676,1575564360.0441597,1575564360.0504084
1575564324.1321676,1575564360.1522148,1575564360.1640458
1575564324.1321676,1575564360.2654097,1575564360.2718422
1575564324.1321676,1575564360.373068,1575564360.379489
1575564324.1321676,1575564360.481221,1575564360.4895356
1575564324.1321676,1575564360.5907917,1575564360.5975525
1575564324.1321676,1575564360.69874,1575564360.7049358
1575564324.1321676,1575564360.8061297,1575564360.8128428
1575564324.1321676,1575564360.914094,1575564360.92257
1575564324.1321676,1575564361.023798,1575564361.02982
1575564324.1321676,1575564361.1311655,1575564361.1373768
1575564324.1321676,1575564361.2391834,1575564361.2511086
1575564324.1321676,1575564361.3523293,1575564361.3605182
1575564324.1321676,1575564361.4617317,1575564361.469418
1575564324.1321676,1575564361.5712206,1575564361.5776904
1575564324.1321676,1575564361.6789691,1575564361.6879098
1575564324.1321676,1575564361.7891078,1575564361.7952757
1575564324.1321676,1575564361.8967273,1575564361.9028382
1575564324.1321676,1575564362.004025,1575564362.0102277
1575564324.1321676,1575564362.1115239,1575564362.117669
1575564324.1321676,1575564362.2188745,1575564362.2250779
1575564324.1321676,1575564362.3268526,1575564362.338666
1575564324.1321676,1575564362.4399638,1575564362.4485395
1575564324.1321676,1575564362.549733,1575564362.558169
1575564324.1321676,1575564362.6596613,1575564362.668139
1575564324.1321676,1575564362.7694502,1575564362.778091
1575564324.1321676,1575564362.8794906,1575564362.8855855
1575564324.1321676,1575564362.9868333,1575564362.9929655
1575564324.1321676,1575564363.0942059,1575564363.1024082
1575564324.1321676,1575564363.203652,1575564363.2118864
1575564324.1321676,1575564363.3130422,1575564363.321522
1575564324.1321676,1575564363.4233613,1575564363.4334383
1575564324.1321676,1575564363.5346103,1575564363.5425777
1575564324.1321676,1575564363.6438727,1575564363.6504638
1575564324.1321676,1575564363.751778,1575564363.7576225
1575564324.1321676,1575564363.8588638,1575564363.8649201
1575564324.1321676,1575564363.9661603,1575564363.9723518
1575564324.1321676,1575564364.07353,1575564364.0797427
1575564324.1321676,1575564364.1809204,1575564364.187226
1575564324.1321676,1575564364.2885926,1575564364.2950325
1575564324.1321676,1575564364.3961968,1575564364.4047134
1575564324.1321676,1575564364.506437,1575564364.520337
1575564324.1321676,1575564364.6214788,1575564364.6299598
1575564324.1321676,1575564364.731245,1575564364.7373033
1575564324.1321676,1575564364.8385115,1575564364.8471165
1575564324.1321676,1575564364.9482427,1575564364.953718
1575564324.1321676,1575564365.0548847,1575564365.0608838
1575564324.1321676,1575564365.1620612,1575564365.1682656
1575564324.1321676,1575564365.2694638,1575564365.275529
1575564324.1321676,1575564365.3767698,1575564365.3831387
1575564324.1321676,1575564365.4844217,1575564365.4931822
1575564324.1321676,1575564365.5950127,1575564365.6068408
1575564324.1321676,1575564365.7080095,1575564365.715369
1575564324.1321676,1575564365.816442,1575564365.8222826
1575564324.1321676,1575564365.923497,1575564365.9299407
1575564324.1321676,1575564366.031468,1575564366.0374086
1575564324.1321676,1575564366.138568,1575564366.144918
1575564324.1321676,1575564366.2465491,1575564366.253699
1575564324.1321676,1575564366.3551214,1575564366.3611155
1575564324.1321676,1575564366.462457,1575564366.4686642
1575564324.1321676,1575564366.5700264,1575564366.576205
1575564324.1321676,1575564366.6779907,1575564366.6926792
1575564324.1321676,1575564366.7938993,1575564366.800237
1575564324.1321676,1575564366.9014192,1575564366.9077456
1575564324.1321676,1575564367.00893,1575564367.015127
1575564324.1321676,1575564367.1162853,1575564367.122611
1575564324.1321676,1575564367.2239294,1575564367.2308288
1575564324.1321676,1575564367.3320668,1575564367.3382618
1575564324.1321676,1575564367.4396503,1575564367.4459596
1575564324.1321676,1575564367.547146,1575564367.5533175
1575564324.1321676,1575564367.6544998,1575564367.660774
1575564324.1321676,1575564367.7627738,1575564367.7764318
1575564324.1321676,1575564367.8776743,1575564367.8840382
1575564324.1321676,1575564367.9853086,1575564367.9918077
1575564324.1321676,1575564368.0930376,1575564368.0997078
1575564324.1321676,1575564368.200929,1575564368.2075245
1575564324.1321676,1575564368.3089213,1575564368.315599
1575564324.1321676,1575564368.4167857,1575564368.423106
1575564324.1321676,1575564368.5242908,1575564368.5314956
1575564324.1321676,1575564368.6325505,1575564368.638395
1575564324.1321676,1575564368.7395842,1575564368.7465808
1575564324.1321676,1575564368.8486722,1575564368.8587036
1575564324.1321676,1575564368.9601004,1575564368.9673748
1575564324.1321676,1575564369.0688202,1575564369.0760615
1575564324.1321676,1575564369.1772854,1575564369.1835647
1575564324.1321676,1575564369.2847316,1575564369.2908251
1575564324.1321676,1575564369.3920066,1575564369.3996127
1575564324.1321676,1575564369.5008254,1575564369.5068784
1575564324.1321676,1575564369.6082428,1575564369.61424
1575564324.1321676,1575564369.7156742,1575564369.7219253
1575564324.1321676,1575564369.8231447,1575564369.8296144
1575564324.1321676,1575564369.931479,1575564369.9439702
1575564324.1321676,1575564370.0453448,1575564370.051803
1575564324.1321676,1575564370.1530123,1575564370.1613278
1575564324.1321676,1575564370.2632947,1575564370.269977
1575564324.1321676,1575564370.3713262,1575564370.377303
1575564324.1321676,1575564370.4786732,1575564370.4847145
1575564324.1321676,1575564370.5858927,1575564370.5920093
1575564324.1321676,1575564370.6931872,1575564370.6993117
1575564324.1321676,1575564370.80061,1575564370.806635
1575564324.1321676,1575564370.9078412,1575564370.9143004
1575564324.1321676,1575564371.0160306,1575564371.0284197
1575564324.1321676,1575564371.12962,1575564371.1370816
1575564324.1321676,1575564371.2380908,1575564371.2429504
1575564324.1321676,1575564371.3441467,1575564371.354365
1575564324.1321676,1575564371.4556496,1575564371.4618828
1575564324.1321676,1575564371.5631833,1575564371.5692816
1575564324.1321676,1575564371.6704707,1575564371.6765392
1575564324.1321676,1575564371.7780726,1575564371.784373
1575564324.1321676,1575564371.884913,1575564371.8873613
1575564324.1321676,1575564371.9879754,1575564371.990647
1575564324.1321676,1575564372.0929673,1575564372.1064231
1575564324.1321676,1575564372.207811,1575564372.2142615
1575564324.1321676,1575564372.315525,1575564372.3241117
1575564324.1321676,1575564372.4254537,1575564372.4316356
1575564324.1321676,1575564372.5328543,1575564372.5405512
1575564324.1321676,1575564372.6418734,1575564372.6497626
1575564324.1321676,1575564372.7510471,1575564372.7575731
1575564324.1321676,1575564372.8588047,1575564372.8653376
1575564324.1321676,1575564372.9665995,1575564372.9731565
1575564324.1321676,1575564373.0745504,1575564373.0805044
1575564324.1321676,1575564373.182751,1575564373.1930933
1575564324.1321676,1575564373.2944772,1575564373.3015637
1575564324.1321676,1575564373.4027646,1575564373.408971
1575564324.1321676,1575564373.5101485,1575564373.5158577
1575564324.1321676,1575564373.617019,1575564373.623721
1575564324.1321676,1575564373.724905,1575564373.7311993
1575564324.1321676,1575564373.8323233,1575564373.838467
1575564324.1321676,1575564373.9396904,1575564373.9481964
1575564324.1321676,1575564374.0496392,1575564374.0562642
1575564324.1321676,1575564374.1578202,1575564374.1647234
1575564324.1321676,1575564374.2662597,1575564374.2759607
1575564324.1321676,1575564374.3770869,1575564374.3824966
1575564324.1321676,1575564374.483949,1575564374.490755
1575564324.1321676,1575564374.5919104,1575564374.5996385
1575564324.1321676,1575564374.7008312,1575564374.7075975
1575564324.1321676,1575564374.8088267,1575564374.8152025
1575564324.1321676,1575564374.9165688,1575564374.922764
1575564324.1321676,1575564375.0241091,1575564375.030781
1575564324.1321676,1575564375.1320121,1575564375.1382093
1575564324.1321676,1575564375.2393992,1575564375.245582
1575564324.1321676,1575564375.34741,1575564375.357881
1575564324.1321676,1575564375.4593213,1575564375.4674578
1575564324.1321676,1575564375.56869,1575564375.5748303
1575564324.1321676,1575564375.6760597,1575564375.685322
1575564324.1321676,1575564375.7866316,1575564375.793327
1575564324.1321676,1575564375.8945434,1575564375.901132
1575564324.1321676,1575564376.0023403,1575564376.008858
1575564324.1321676,1575564376.1100843,1575564376.116658
1575564324.1321676,1575564376.217853,1575564376.2243843
1575564324.1321676,1575564376.3255868,1575564376.332213
1575564324.1321676,1575564376.4344819,1575564376.4471445
1575564324.1321676,1575564376.5484169,1575564376.554682
1575564324.1321676,1575564376.6557827,1575564376.6618068
1575564324.1321676,1575564376.7635095,1575564376.7700207
1575564324.1321676,1575564376.8713515,1575564376.88018
1575564324.1321676,1575564376.98148,1575564376.9876575
1575564324.1321676,1575564377.0888805,1575564377.0951672
1575564324.1321676,1575564377.1967273,1575564377.2030046
1575564324.1321676,1575564377.3041425,1575564377.3103192
1575564324.1321676,1575564377.4115448,1575564377.4176722
1575564324.1321676,1575564377.5194817,1575564377.5327237
1575564324.1321676,1575564377.6339319,1575564377.640028
1575564324.1321676,1575564377.7412527,1575564377.7480283
1575564324.1321676,1575564377.8492436,1575564377.8555322
1575564324.1321676,1575564377.95672,1575564377.9650893
1575564324.1321676,1575564378.0662935,1575564378.0748136
1575564324.1321676,1575564378.1764033,1575564378.1832316
1575564324.1321676,1575564378.2848392,1575564378.290448
1575564324.1321676,1575564378.3918493,1575564378.3987427
1575564324.1321676,1575564378.4999228,1575564378.5061066
1575564324.1321676,1575564378.607904,1575564378.6181457
1575564324.1321676,1575564378.7194269,1575564378.7254915
1575564324.1321676,1575564378.8265822,1575564378.8347883
1575564324.1321676,1575564378.9359968,1575564378.9428325
1575564324.1321676,1575564379.0441124,1575564379.052862
1575564324.1321676,1575564379.1540377,1575564379.1658552
1575564324.1321676,1575564379.2670841,1575564379.273391
1575564324.1321676,1575564379.3745527,1575564379.381278
1575564324.1321676,1575564379.4825456,1575564379.489459
1575564324.1321676,1575564379.5906322,1575564379.5967216
1575564324.1321676,1575564379.6984863,1575564379.7085688
1575564324.1321676,1575564379.8098068,1575564379.8160763
1575564324.1321676,1575564379.9173963,1575564379.9246833
1575564324.1321676,1575564380.0260403,1575564380.0324538
1575564324.1321676,1575564380.1336637,1575564380.139978
1575564324.1321676,1575564380.2412074,1575564380.2477152
1575564324.1321676,1575564380.3488693,1575564380.3556283
1575564324.1321676,1575564380.4571674,1575564380.4646475
1575564324.1321676,1575564380.5658908,1575564380.5720968
1575564324.1321676,1575564380.6732736,1575564380.680179
1575564324.1321676,1575564380.7819898,1575564380.7919586
1575564324.1321676,1575564380.8932006,1575564380.8998892
1575564324.1321676,1575564381.0013216,1575564381.0073922
1575564324.1321676,1575564381.1085749,1575564381.115261
1575564324.1321676,1575564381.2164664,1575564381.2224712
1575564324.1321676,1575564381.3237004,1575564381.3302126
1575564324.1321676,1575564381.4314477,1575564381.4376004
1575564324.1321676,1575564381.5387094,1575564381.5448592
1575564324.1321676,1575564381.6460443,1575564381.6522338
1575564324.1321676,1575564381.7534158,1575564381.7603436
1575564324.1321676,1575564381.8621829,1575564381.873277
1575564324.1321676,1575564381.9744108,1575564381.980195
1575564324.1321676,1575564382.0814028,1575564382.0874796
1575564324.1321676,1575564382.1887028,1575564382.1949682
1575564324.1321676,1575564382.2961733,1575564382.303263
1575564324.1321676,1575564382.4045444,1575564382.4109535
1575564324.1321676,1575564382.512108,1575564382.518293
1575564324.1321676,1575564382.619719,1575564382.631498
1575564324.1321676,1575564382.7325547,1575564382.7403016
1575564324.1321676,1575564382.8417149,1575564382.8526
1575564324.1321676,1575564382.954614,1575564382.9672709
1575564324.1321676,1575564383.0686605,1575564383.0747871
1575564324.1321676,1575564383.1762552,1575564383.1830492
1575564324.1321676,1575564383.2843485,1575564383.2925746
1575564324.1321676,1575564383.3937988,1575564383.4031594
1575564324.1321676,1575564383.5046086,1575564383.51078
1575564324.1321676,1575564383.6119845,1575564383.6187217
1575564324.1321676,1575564383.7204552,1575564383.727337
1575564324.1321676,1575564383.8286989,1575564383.8356173
1575564324.1321676,1575564383.9371057,1575564383.9439344
1575564324.1321676,1575564384.046247,1575564384.05731
1575564324.1321676,1575564384.1584835,1575564384.1661897
1575564324.1321676,1575564384.267481,1575564384.2734916
1575564324.1321676,1575564384.374748,1575564384.3808513
1575564324.1321676,1575564384.4822152,1575564384.4909778
1575564324.1321676,1575564384.5922022,1575564384.600715
1575564324.1321676,1575564384.7021163,1575564384.708585
1575564324.1321676,1575564384.8098555,1575564384.8160732
1575564324.1321676,1575564384.917522,1575564384.9237304
1575564324.1321676,1575564385.0253062,1575564385.033364
1575564324.1321676,1575564385.1360748,1575564385.1509745
1575564324.1321676,1575564385.252625,1575564385.2593763
1575564324.1321676,1575564385.360733,1575564385.3670592
1575564324.1321676,1575564385.4682426,1575564385.4743466
1575564324.1321676,1575564385.575651,1575564385.581788
1575564324.1321676,1575564385.6831295,1575564385.6891394
1575564324.1321676,1575564385.7903492,1575564385.7986796
1575564324.1321676,1575564385.8999364,1575564385.9132395
1575564324.1321676,1575564386.014397,1575564386.0205355
1575564324.1321676,1575564386.1217763,1575564386.1289663
1575564324.1321676,1575564386.231364,1575564386.2430122
1575564324.1321676,1575564386.3445508,1575564386.3513453
1575564324.1321676,1575564386.4526038,1575564386.4587278
1575564324.1321676,1575564386.5599983,1575564386.5669801
1575564324.1321676,1575564386.6682355,1575564386.674621
1575564324.1321676,1575564386.7759132,1575564386.7818866
1575564324.1321676,1575564386.8831475,1575564386.8892713
1575564324.1321676,1575564386.9905186,1575564386.9967067
1575564324.1321676,1575564387.0979311,1575564387.1042411
1575564324.1321676,1575564387.2053978,1575564387.21412
1575564324.1321676,1575564387.3164966,1575564387.3281078
1575564324.1321676,1575564387.4287918,1575564387.4306333
1575564324.1321676,1575564387.5312953,1575564387.5337908
1575564324.1321676,1575564387.6351128,1575564387.6411338
1575564324.1321676,1575564387.7423542,1575564387.7501671
1575564324.1321676,1575564387.8514192,1575564387.859752
1575564324.1321676,1575564387.9609492,1575564387.9695256
1575564324.1321676,1575564388.070751,1575564388.0792885
1575564324.1321676,1575564388.1804147,1575564388.1866095
1575564324.1321676,1575564388.2877734,1575564388.2940414
1575564324.1321676,1575564388.3965545,1575564388.409227
1575564324.1321676,1575564388.5104613,1575564388.5177279
1575564324.1321676,1575564388.619298,1575564388.6254056
1575564324.1321676,1575564388.7266786,1575564388.7330453
1575564324.1321676,1575564388.8342505,1575564388.840523
1575564324.1321676,1575564388.941711,1575564388.9479544
1575564324.1321676,1575564389.0491743,1575564389.0569985
1575564324.1321676,1575564389.1582153,1575564389.1652608
1575564324.1321676,1575564389.266509,1575564389.2726038
1575564324.1321676,1575564389.3737817,1575564389.3823023
1575564324.1321676,1575564389.4844058,1575564389.506793
1575564324.1321676,1575564389.6080241,1575564389.6166205
1575564324.1321676,1575564389.7178748,1575564389.7242742
1575564324.1321676,1575564389.825507,1575564389.8354743
1575564324.1321676,1575564389.9367552,1575564389.9472914
1575564324.1321676,1575564390.048618,1575564390.0554416
1575564324.1321676,1575564390.1566782,1575564390.1629581
1575564324.1321676,1575564390.2641385,1575564390.2702925
1575564324.1321676,1575564390.3715587,1575564390.3776464
1575564324.1321676,1575564390.478778,1575564390.4861534
1575564324.1321676,1575564390.5881274,1575564390.6011071
1575564324.1321676,1575564390.7025352,1575564390.7093832
1575564324.1321676,1575564390.8108785,1575564390.8170736
1575564324.1321676,1575564390.9182923,1575564390.9244459
1575564324.1321676,1575564391.0256577,1575564391.0318525
1575564324.1321676,1575564391.1330957,1575564391.1393065
1575564324.1321676,1575564391.2406547,1575564391.2473383
1575564324.1321676,1575564391.348567,1575564391.357052
1575564324.1321676,1575564391.4581912,1575564391.4644268
1575564324.1321676,1575564391.5656016,1575564391.5743656
1575564324.1321676,1575564391.67627,1575564391.6897817
1575564324.1321676,1575564391.7911305,1575564391.7998166
1575564324.1321676,1575564391.901126,1575564391.907254
1575564324.1321676,1575564392.0084586,1575564392.015523
1575564324.1321676,1575564392.1167786,1575564392.1232295
1575564324.1321676,1575564392.2244809,1575564392.2309923
1575564324.1321676,1575564392.3321757,1575564392.3382747
1575564324.1321676,1575564392.4395459,1575564392.4458213
1575564324.1321676,1575564392.5470743,1575564392.5533588
1575564324.1321676,1575564392.654624,1575564392.6606963
1575564324.1321676,1575564392.7632036,1575564392.7766247
1575564324.1321676,1575564392.8780239,1575564392.8839796
1575564324.1321676,1575564392.9855013,1575564392.992311
1575564324.1321676,1575564393.09354,1575564393.099886
1575564324.1321676,1575564393.2011068,1575564393.207255
1575564324.1321676,1575564393.3084698,1575564393.315194
1575564324.1321676,1575564393.4164114,1575564393.4234772
1575564324.1321676,1575564393.5247009,1575564393.5317063
1575564324.1321676,1575564393.6327994,1575564393.639005
1575564324.1321676,1575564393.7402158,1575564393.746514
1575564324.1321676,1575564393.8490949,1575564393.8596995
1575564324.1321676,1575564393.9610956,1575564393.9701395
1575564324.1321676,1575564394.0715497,1575564394.0784519
1575564324.1321676,1575564394.1797655,1575564394.185788
1575564324.1321676,1575564394.2870808,1575564394.2931547
1575564324.1321676,1575564394.3943613,1575564394.400537
1575564324.1321676,1575564394.5017369,1575564394.5080688
1575564324.1321676,1575564394.609268,1575564394.6159909
1575564324.1321676,1575564394.7172518,1575564394.7237291
1575564324.1321676,1575564394.824947,1575564394.8318994
1575564324.1321676,1575564394.9343565,1575564394.9483025
1575564324.1321676,1575564395.0496192,1575564395.058391
1575564324.1321676,1575564395.1596565,1575564395.1661077
1575564324.1321676,1575564395.2671726,1575564395.2730765
1575564324.1321676,1575564395.3745189,1575564395.3812904
1575564324.1321676,1575564395.482603,1575564395.4889002
1575564324.1321676,1575564395.5896761,1575564395.592642
1575564324.1321676,1575564395.6937597,1575564395.6994433
1575564324.1321676,1575564395.8006685,1575564395.806792
1575564324.1321676,1575564395.9080534,1575564395.9163766
1575564324.1321676,1575564396.018378,1575564396.0347755
1575564324.1321676,1575564396.1360164,1575564396.1442902
1575564324.1321676,1575564396.2454128,1575564396.2516723
1575564324.1321676,1575564396.3529809,1575564396.3597925
1575564324.1321676,1575564396.4611037,1575564396.467901
1575564324.1321676,1575564396.5691826,1575564396.5753412
1575564324.1321676,1575564396.6765716,1575564396.6829958
1575564324.1321676,1575564396.784294,1575564396.792186
1575564324.1321676,1575564396.8934526,1575564396.8990984
1575564324.1321676,1575564397.000307,1575564397.0064878
1575564324.1321676,1575564397.1087205,1575564397.1220505
1575564324.1321676,1575564397.2234163,1575564397.229577
1575564324.1321676,1575564397.3307917,1575564397.3392446
1575564324.1321676,1575564397.4404395,1575564397.4487352
1575564324.1321676,1575564397.5499392,1575564397.5584862
1575564324.1321676,1575564397.65972,1575564397.6683295
1575564324.1321676,1575564397.7694387,1575564397.7770417
1575564324.1321676,1575564397.8786142,1575564397.8876214
1575564324.1321676,1575564397.9889534,1575564397.9977975
1575564324.1321676,1575564398.0991204,1575564398.105364
1575564324.1321676,1575564398.207418,1575564398.2198403
1575564324.1321676,1575564398.3211057,1575564398.327467
1575564324.1321676,1575564398.4286838,1575564398.4352376
1575564324.1321676,1575564398.5364244,1575564398.5428748
1575564324.1321676,1575564398.6441052,1575564398.6500254
1575564324.1321676,1575564398.751311,1575564398.7578385
1575564324.1321676,1575564398.8591194,1575564398.8656147
1575564324.1321676,1575564398.9668243,1575564398.9729776
1575564324.1321676,1575564399.074208,1575564399.0810342
1575564324.1321676,1575564399.182299,1575564399.188533
1575564324.1321676,1575564399.2905047,1575564399.301978
1575564324.1321676,1575564399.403334,1575564399.409428
1575564324.1321676,1575564399.5107145,1575564399.5192926
1575564324.1321676,1575564399.6205812,1575564399.629208
1575564324.1321676,1575564399.7304997,1575564399.739064
1575564324.1321676,1575564399.8404183,1575564399.8472228
1575564324.1321676,1575564399.9484622,1575564399.954461
1575564324.1321676,1575564400.055731,1575564400.061975
1575564324.1321676,1575564400.163238,1575564400.1695297
1575564324.1321676,1575564400.2707553,1575564400.2793097
1575564324.1321676,1575564400.3813095,1575564400.3936126
1575564324.1321676,1575564400.4952629,1575564400.501424
1575564324.1321676,1575564400.602772,1575564400.6099772
1575564324.1321676,1575564400.711184,1575564400.716764
1575564324.1321676,1575564400.8180218,1575564400.8243668
1575564324.1321676,1575564400.9255707,1575564400.9320276
1575564324.1321676,1575564401.0333939,1575564401.041386
1575564324.1321676,1575564401.1427479,1575564401.1490114
1575564324.1321676,1575564401.2502053,1575564401.2564476
1575564324.1321676,1575564401.3576477,1575564401.366082
1575564324.1321676,1575564401.4684007,1575564401.4809384
1575564324.1321676,1575564401.5822442,1575564401.5885487
1575564324.1321676,1575564401.6898003,1575564401.6960158
1575564324.1321676,1575564401.7973516,1575564401.803787
1575564324.1321676,1575564401.905256,1575564401.912073
1575564324.1321676,1575564402.0133111,1575564402.0195806
1575564324.1321676,1575564402.12083,1575564402.127008
1575564324.1321676,1575564402.2282417,1575564402.2366362
1575564324.1321676,1575564402.3378708,1575564402.344159
1575564324.1321676,1575564402.4453506,1575564402.4516342
1575564324.1321676,1575564402.5534565,1575564402.5660403
1575564324.1321676,1575564402.667402,1575564402.6760638
1575564324.1321676,1575564402.7774594,1575564402.7840586
1575564324.1321676,1575564402.8853252,1575564402.891582
1575564324.1321676,1575564402.992128,1575564402.994137
1575564324.1321676,1575564403.0947106,1575564403.097323
1575564324.1321676,1575564403.198437,1575564403.2042315
1575564324.1321676,1575564403.3054676,1575564403.3139465
1575564324.1321676,1575564403.4152048,1575564403.4236295
1575564324.1321676,1575564403.5250301,1575564403.5320399
1575564324.1321676,1575564403.6346705,1575564403.6495702
1575564324.1321676,1575564403.7510278,1575564403.7581942
1575564324.1321676,1575564403.85952,1575564403.866298
1575564324.1321676,1575564403.9673629,1575564403.9731953
1575564324.1321676,1575564404.0743723,1575564404.0806792
1575564324.1321676,1575564404.1819057,1575564404.1882203
1575564324.1321676,1575564404.2894423,1575564404.2957425
1575564324.1321676,1575564404.3971188,1575564404.4034266
1575564324.1321676,1575564404.5046287,1575564404.5108705
1575564324.1321676,1575564404.61214,1575564404.61839
1575564324.1321676,1575564404.720324,1575564404.7371953
1575564324.1321676,1575564404.8390052,1575564404.8483403
1575564324.1321676,1575564404.9500754,1575564404.9564538
1575564324.1321676,1575564405.0578187,1575564405.0647178
1575564324.1321676,1575564405.1661205,1575564405.172243
1575564324.1321676,1575564405.2735202,1575564405.2801015
1575564324.1321676,1575564405.381355,1575564405.3898222
1575564324.1321676,1575564405.491316,1575564405.4999478
1575564324.1321676,1575564405.601179,1575564405.6078286
1575564324.1321676,1575564405.7090225,1575564405.7153223
1575564324.1321676,1575564405.8171973,1575564405.829913
1575564324.1321676,1575564405.9311874,1575564405.9373336
1575564324.1321676,1575564406.0386157,1575564406.0457783
1575564324.1321676,1575564406.1471994,1575564406.154046
1575564324.1321676,1575564406.255553,1575564406.2635865
1575564324.1321676,1575564406.3648915,1575564406.3706179
1575564324.1321676,1575564406.4718566,1575564406.4779043
1575564324.1321676,1575564406.579234,1575564406.5853536
1575564324.1321676,1575564406.6866174,1575564406.6950314
1575564324.1321676,1575564406.7962844,1575564406.802411
1575564324.1321676,1575564406.9043243,1575564406.9189854
1575564324.1321676,1575564407.0204089,1575564407.0280879
1575564324.1321676,1575564407.129517,1575564407.1361017
1575564324.1321676,1575564407.2373154,1575564407.2453892
1575564324.1321676,1575564407.3468802,1575564407.3537083
1575564324.1321676,1575564407.4551072,1575564407.4628932
1575564324.1321676,1575564407.5643725,1575564407.5704825
1575564324.1321676,1575564407.6718147,1575564407.6779373
1575564324.1321676,1575564407.7792745,1575564407.7853284
1575564324.1321676,1575564407.886632,1575564407.892915
1575564324.1321676,1575564407.9950464,1575564408.0088046
1575564324.1321676,1575564408.1102872,1575564408.1209996
1575564324.1321676,1575564408.2227058,1575564408.2302396
1575564324.1321676,1575564408.3314478,1575564408.3391404
1575564324.1321676,1575564408.4406142,1575564408.448518
1575564324.1321676,1575564408.5495412,1575564408.5556874
1575564324.1321676,1575564408.6569374,1575564408.6635497
1575564324.1321676,1575564408.7647896,1575564408.7708797
1575564324.1321676,1575564408.8721793,1575564408.878314
1575564324.1321676,1575564408.9796658,1575564408.9857955
1575564324.1321676,1575564409.0879276,1575564409.0997405
1575564324.1321676,1575564409.2010098,1575564409.207202
1575564324.1321676,1575564409.3084571,1575564409.3145103
1575564324.1321676,1575564409.4158452,1575564409.4223
1575564324.1321676,1575564409.5235496,1575564409.529938
1575564324.1321676,1575564409.6311777,1575564409.6376476
1575564324.1321676,1575564409.7388387,1575564409.7458882
1575564324.1321676,1575564409.8473468,1575564409.853439
1575564324.1321676,1575564409.9546642,1575564409.9611719
1575564324.1321676,1575564410.0624998,1575564410.074392
1575564324.1321676,1575564410.1764116,1575564410.1894028
1575564324.1321676,1575564410.2906785,1575564410.297283
1575564324.1321676,1575564410.398502,1575564410.4073815
1575564324.1321676,1575564410.5090113,1575564410.5205414
1575564324.1321676,1575564410.622256,1575564410.6296217
1575564324.1321676,1575564410.7308252,1575564410.7375057
1575564324.1321676,1575564410.838728,1575564410.8448894
1575564324.1321676,1575564410.9460304,1575564410.9546177
1575564324.1321676,1575564411.056274,1575564411.0640817
1575564324.1321676,1575564411.165315,1575564411.1721191
1575564324.1321676,1575564411.2741096,1575564411.2865493
1575564324.1321676,1575564411.3879206,1575564411.3943906
1575564324.1321676,1575564411.4956741,1575564411.5043414
1575564324.1321676,1575564411.6055434,1575564411.6124551
1575564324.1321676,1575564411.7138302,1575564411.721028
1575564324.1321676,1575564411.8224173,1575564411.8286235
1575564324.1321676,1575564411.9298353,1575564411.9394774
1575564324.1321676,1575564412.0406697,1575564412.049688
1575564324.1321676,1575564412.1511462,1575564412.159148
1575564324.1321676,1575564412.2610636,1575564412.2695305
1575564324.1321676,1575564412.371801,1575564412.3857484
1575564324.1321676,1575564412.487251,1575564412.4934454
1575564324.1321676,1575564412.594757,1575564412.6009426
1575564324.1321676,1575564412.7021384,1575564412.708412
1575564324.1321676,1575564412.809572,1575564412.8158724
1575564324.1321676,1575564412.9170666,1575564412.923133
1575564324.1321676,1575564413.0243094,1575564413.0307405
1575564324.1321676,1575564413.131925,1575564413.1379678
1575564324.1321676,1575564413.2391953,1575564413.2451553
1575564324.1321676,1575564413.3463955,1575564413.3538897
1575564324.1321676,1575564413.4558482,1575564413.4681277
1575564324.1321676,1575564413.5697114,1575564413.577341
1575564324.1321676,1575564413.6786046,1575564413.6848783
1575564324.1321676,1575564413.7860951,1575564413.7925706
1575564324.1321676,1575564413.893926,1575564413.9001336
1575564324.1321676,1575564414.0013294,1575564414.009775
1575564324.1321676,1575564414.111233,1575564414.1174226
1575564324.1321676,1575564414.2185943,1575564414.2256856
1575564324.1321676,1575564414.3268712,1575564414.3330321
1575564324.1321676,1575564414.4342558,1575564414.4402869
1575564324.1321676,1575564414.5420213,1575564414.5551713
1575564324.1321676,1575564414.6563451,1575564414.6650157
1575564324.1321676,1575564414.7663987,1575564414.773187
1575564324.1321676,1575564414.8746047,1575564414.8812647
1575564324.1321676,1575564414.9826627,1575564414.9887824
1575564324.1321676,1575564415.0899513,1575564415.0984783
1575564324.1321676,1575564415.1996872,1575564415.2079067
1575564324.1321676,1575564415.3090887,1575564415.317435
1575564324.1321676,1575564415.4187355,1575564415.4255862
1575564324.1321676,1575564415.5267377,1575564415.533053
1575564324.1321676,1575564415.6357207,1575564415.6477358
1575564324.1321676,1575564415.7490735,1575564415.7560978
1575564324.1321676,1575564415.8573272,1575564415.8636365
1575564324.1321676,1575564415.964937,1575564415.9713013
1575564324.1321676,1575564416.0724967,1575564416.0787566
1575564324.1321676,1575564416.1799831,1575564416.1860728
1575564324.1321676,1575564416.287336,1575564416.2939007
1575564324.1321676,1575564416.3952167,1575564416.4012506
1575564324.1321676,1575564416.5024235,1575564416.508775
1575564324.1321676,1575564416.609994,1575564416.6161392
1575564324.1321676,1575564416.7179215,1575564416.7322733
1575564324.1321676,1575564416.833497,1575564416.8413582
1575564324.1321676,1575564416.942594,1575564416.9521124
1575564324.1321676,1575564417.0534263,1575564417.0599189
1575564324.1321676,1575564417.1610944,1575564417.1673477
1575564324.1321676,1575564417.2686086,1575564417.2747512
1575564324.1321676,1575564417.3759317,1575564417.3821874
1575564324.1321676,1575564417.483632,1575564417.4898527
1575564324.1321676,1575564417.5911865,1575564417.5972624
1575564324.1321676,1575564417.6984901,1575564417.7048109
1575564324.1321676,1575564417.8065662,1575564417.8183131
1575564324.1321676,1575564417.9195797,1575564417.9257917
1575564324.1321676,1575564418.0273867,1575564418.0348413
1575564324.1321676,1575564418.1362326,1575564418.1423538
1575564324.1321676,1575564418.2435374,1575564418.249727
1575564324.1321676,1575564418.3511515,1575564418.3578448
1575564324.1321676,1575564418.4584808,1575564418.4614878
1575564324.1321676,1575564418.5622098,1575564418.5643384
1575564324.1321676,1575564418.6654143,1575564418.6709752
1575564324.1321676,1575564418.772182,1575564418.7785552
1575564324.1321676,1575564418.8808565,1575564418.8916974
1575564324.1321676,1575564418.9930906,1575564418.9999793
1575564324.1321676,1575564419.1012373,1575564419.1074848
1575564324.1321676,1575564419.208669,1575564419.2147653
1575564324.1321676,1575564419.3159552,1575564419.324311
1575564324.1321676,1575564419.4254837,1575564419.431639
1575564324.1321676,1575564419.53282,1575564419.5390565
1575564324.1321676,1575564419.6403346,1575564419.6465812
1575564324.1321676,1575564419.7478333,1575564419.755209
1575564324.1321676,1575564419.8563173,1575564419.8624368
1575564324.1321676,1575564419.9642556,1575564419.9740906
1575564324.1321676,1575564420.0753646,1575564420.0814497
1575564324.1321676,1575564420.1827173,1575564420.1889348
1575564324.1321676,1575564420.290131,1575564420.2966573
1575564324.1321676,1575564420.3979175,1575564420.4043007
1575564324.1321676,1575564420.506098,1575564420.5148683
1575564324.1321676,1575564420.6160586,1575564420.6245863
1575564324.1321676,1575564420.7257872,1575564420.7321467
1575564324.1321676,1575564420.8333623,1575564420.8394854
1575564324.1321676,1575564420.9407854,1575564420.9471629
1575564324.1321676,1575564421.0489202,1575564421.0602894
1575564324.1321676,1575564421.1615112,1575564421.1677115
1575564324.1321676,1575564421.2689333,1575564421.2752366
1575564324.1321676,1575564421.376606,1575564421.3828092
1575564324.1321676,1575564421.4840858,1575564421.4905517
1575564324.1321676,1575564421.5917037,1575564421.5979075
1575564324.1321676,1575564421.69908,1575564421.7051964
1575564324.1321676,1575564421.8062508,1575564421.8144474
1575564324.1321676,1575564421.9156508,1575564421.9243827
1575564324.1321676,1575564422.025628,1575564422.033062
1575564324.1321676,1575564422.1347878,1575564422.144991
1575564324.1321676,1575564422.2462902,1575564422.2528276
1575564324.1321676,1575564422.3540337,1575564422.3606443
1575564324.1321676,1575564422.4618785,1575564422.4684327
1575564324.1321676,1575564422.5697336,1575564422.576332
1575564324.1321676,1575564422.677652,1575564422.6843097
1575564324.1321676,1575564422.7856016,1575564422.7928827
1575564324.1321676,1575564422.8941176,1575564422.901044
1575564324.1321676,1575564423.0022538,1575564423.009385
1575564324.1321676,1575564423.111095,1575564423.118089
1575564324.1321676,1575564423.2201407,1575564423.232209
1575564324.1321676,1575564423.3336391,1575564423.339664
1575564324.1321676,1575564423.440825,1575564423.4469728
1575564324.1321676,1575564423.5481677,1575564423.554074
1575564324.1321676,1575564423.6553383,1575564423.6614816
1575564324.1321676,1575564423.7626698,1575564423.7692056
1575564324.1321676,1575564423.8703704,1575564423.877201
1575564324.1321676,1575564423.9783936,1575564423.9850135
1575564324.1321676,1575564424.0863364,1575564424.092551
1575564324.1321676,1575564424.1940694,1575564424.202945
1575564324.1321676,1575564424.3045812,1575564424.3184776
1575564324.1321676,1575564424.4197066,1575564424.426161
1575564324.1321676,1575564424.527414,1575564424.5339186
1575564324.1321676,1575564424.635167,1575564424.6411653
1575564324.1321676,1575564424.7423403,1575564424.7485743
1575564324.1321676,1575564424.8496954,1575564424.8558652
1575564324.1321676,1575564424.9569957,1575564424.9629917
1575564324.1321676,1575564425.064128,1575564425.0701318
1575564324.1321676,1575564425.171306,1575564425.1774664
1575564324.1321676,1575564425.2786226,1575564425.2853966
1575564324.1321676,1575564425.387177,1575564425.3968368
1575564324.1321676,1575564425.4980505,1575564425.5041604
1575564324.1321676,1575564425.6053364,1575564425.6138818
1575564324.1321676,1575564425.715157,1575564425.7212243
1575564324.1321676,1575564425.822406,1575564425.8287153
1575564324.1321676,1575564425.9298832,1575564425.9362354
1575564324.1321676,1575564426.0374246,1575564426.0434406
1575564324.1321676,1575564426.1445909,1575564426.1505482
1575564324.1321676,1575564426.2516766,1575564426.257604
1575564324.1321676,1575564426.3587234,1575564426.3652625
1575564324.1321676,1575564426.466874,1575564426.4766753
1575564324.1321676,1575564426.5778766,1575564426.5846057
1575564324.1321676,1575564426.685714,1575564426.6912858
1575564324.1321676,1575564426.7924862,1575564426.7985878
1575564324.1321676,1575564426.8997917,1575564426.9059265
1575564324.1321676,1575564427.0071757,1575564427.0141146
1575564324.1321676,1575564427.114722,1575564427.1167843
1575564324.1321676,1575564427.2179482,1575564427.2236
1575564324.1321676,1575564427.3247333,1575564427.3310688
1575564324.1321676,1575564427.4321997,1575564427.4383478
1575564324.1321676,1575564427.540061,1575564427.5528142
1575564324.1321676,1575564427.6539876,1575564427.6625402
1575564324.1321676,1575564427.763754,1575564427.7723
1575564324.1321676,1575564427.8735206,1575564427.8800924
1575564324.1321676,1575564427.9813333,1575564427.9887097
1575564324.1321676,1575564428.0899222,1575564428.0987148
1575564324.1321676,1575564428.1999578,1575564428.206156
1575564324.1321676,1575564428.3073614,1575564428.3135338
1575564324.1321676,1575564428.4147332,1575564428.4209273
1575564324.1321676,1575564428.52228,1575564428.5290084
1575564324.1321676,1575564428.630651,1575564428.6402404
1575564324.1321676,1575564428.7416189,1575564428.7478364
1575564324.1321676,1575564428.8491752,1575564428.8559391
1575564324.1321676,1575564428.9572175,1575564428.9641447
1575564324.1321676,1575564429.0653727,1575564429.071872
1575564324.1321676,1575564429.1732929,1575564429.179939
1575564324.1321676,1575564429.2813644,1575564429.287655
1575564324.1321676,1575564429.3888538,1575564429.3957894
1575564324.1321676,1575564429.49714,1575564429.5036721
1575564324.1321676,1575564429.6048124,1575564429.6117184
1575564324.1321676,1575564429.7136905,1575564429.724881
1575564324.1321676,1575564429.8261552,1575564429.8329606
1575564324.1321676,1575564429.9343662,1575564429.9408214
1575564324.1321676,1575564430.0420074,1575564430.0481422
1575564324.1321676,1575564430.1492918,1575564430.1554487
1575564324.1321676,1575564430.2565706,1575564430.2624774
1575564324.1321676,1575564430.3638902,1575564430.369711
1575564324.1321676,1575564430.471009,1575564430.477248
1575564324.1321676,1575564430.5784912,1575564430.5847623
1575564324.1321676,1575564430.6859608,1575564430.6925623
1575564324.1321676,1575564430.794179,1575564430.805585
1575564324.1321676,1575564430.9068723,1575564430.9131384
1575564324.1321676,1575564431.0143268,1575564431.02067
1575564324.1321676,1575564431.1219587,1575564431.12872
1575564324.1321676,1575564431.2300816,1575564431.236969
1575564324.1321676,1575564431.3385966,1575564431.3454876
1575564324.1321676,1575564431.4468365,1575564431.4537735
1575564324.1321676,1575564431.554786,1575564431.5599475
1575564324.1321676,1575564431.6611333,1575564431.6673605
1575564324.1321676,1575564431.7685602,1575564431.7745583
1575564324.1321676,1575564431.8765092,1575564431.8879592
1575564324.1321676,1575564431.9891906,1575564431.9953282
1575564324.1321676,1575564432.0965157,1575564432.1027064
1575564324.1321676,1575564432.203882,1575564432.210081
1575564324.1321676,1575564432.311283,1575564432.3172731
1575564324.1321676,1575564432.418457,1575564432.4250212
1575564324.1321676,1575564432.5262773,1575564432.5324814
1575564324.1321676,1575564432.6336384,1575564432.6402411
1575564324.1321676,1575564432.7414923,1575564432.749496
1575564324.1321676,1575564432.8500512,1575564432.8528092
1575564324.1321676,1575564432.9545672,1575564432.9632578
1575564324.1321676,1575564433.0648391,1575564433.0720284
1575564324.1321676,1575564433.1732295,1575564433.1802626
1575564324.1321676,1575564433.2814496,1575564433.2877827
1575564324.1321676,1575564433.3889725,1575564433.3953378
1575564324.1321676,1575564433.4964874,1575564433.5025458
1575564324.1321676,1575564433.6037312,1575564433.6099026
1575564324.1321676,1575564433.7111511,1575564433.7174447
1575564324.1321676,1575564433.8185885,1575564433.824822
1575564324.1321676,1575564433.9260883,1575564433.9332037
1575564324.1321676,1575564434.0339534,1575564434.0366166
1575564324.1321676,1575564434.1376493,1575564434.143432
1575564324.1321676,1575564434.2446992,1575564434.2508607
1575564324.1321676,1575564434.3520615,1575564434.35804
1575564324.1321676,1575564434.4594915,1575564434.4655225
1575564324.1321676,1575564434.566388,1575564434.5700717
1575564324.1321676,1575564434.6712105,1575564434.6767879
1575564324.1321676,1575564434.7779872,1575564434.784176
1575564324.1321676,1575564434.88534,1575564434.8914871
1575564324.1321676,1575564434.9927695,1575564434.999923
1575564324.1321676,1575564435.1016603,1575564435.113101
1575564324.1321676,1575564435.214341,1575564435.2205253
1575564324.1321676,1575564435.3218434,1575564435.3280585
1575564324.1321676,1575564435.4292526,1575564435.4353788
1575564324.1321676,1575564435.5369174,1575564435.545124
1575564324.1321676,1575564435.646291,1575564435.6519387
1575564324.1321676,1575564435.7531257,1575564435.759432
1575564324.1321676,1575564435.8606136,1575564435.8666131
1575564324.1321676,1575564435.9678204,1575564435.9737613
1575564324.1321676,1575564436.0749898,1575564436.0810635
1575564324.1321676,1575564436.1826732,1575564436.1923313
1575564324.1321676,1575564436.2935133,1575564436.3001046
1575564324.1321676,1575564436.401257,1575564436.4097836
1575564324.1321676,1575564436.5109558,1575564436.517386
1575564324.1321676,1575564436.6184673,1575564436.625147
1575564324.1321676,1575564436.7262983,1575564436.7330387
1575564324.1321676,1575564436.8341136,1575564436.840517
1575564324.1321676,1575564436.941668,1575564436.948736
1575564324.1321676,1575564437.0503376,1575564437.0575845
1575564324.1321676,1575564437.1587915,1575564437.1656137
1575564324.1321676,1575564437.2674453,1575564437.278584
1575564324.1321676,1575564437.3798983,1575564437.3861074
1575564324.1321676,1575564437.487553,1575564437.4947026
1575564324.1321676,1575564437.595864,1575564437.602659
1575564324.1321676,1575564437.7040234,1575564437.710329
1575564324.1321676,1575564437.8115606,1575564437.8174083
1575564324.1321676,1575564437.9187293,1575564437.9256847
1575564324.1321676,1575564438.0271106,1575564438.033549
1575564324.1321676,1575564438.1347303,1575564438.141192
1575564324.1321676,1575564438.2425532,1575564438.2489073
1575564324.1321676,1575564438.3506317,1575564438.3607655
1575564324.1321676,1575564438.4620025,1575564438.4684985
1575564324.1321676,1575564438.5697064,1575564438.5759137
1575564324.1321676,1575564438.6771224,1575564438.6835625
1575564324.1321676,1575564438.7847178,1575564438.7909758
1575564324.1321676,1575564438.8921285,1575564438.898722
1575564324.1321676,1575564438.9999201,1575564439.00826
1575564324.1321676,1575564439.1094043,1575564439.1177452
1575564324.1321676,1575564439.2189703,1575564439.2283142
1575564324.1321676,1575564439.3296883,1575564439.3379602
1575564324.1321676,1575564439.439539,1575564439.4529636
1575564324.1321676,1575564439.5542371,1575564439.5628874
1575564324.1321676,1575564439.664074,1575564439.6701164
1575564324.1321676,1575564439.771354,1575564439.77736
1575564324.1321676,1575564439.8785398,1575564439.8845286
1575564324.1321676,1575564439.9856937,1575564439.994257
1575564324.1321676,1575564440.0954843,1575564440.1016433
1575564324.1321676,1575564440.2030447,1575564440.2094111
1575564324.1321676,1575564440.3106146,1575564440.3175242
1575564324.1321676,1575564440.4187486,1575564440.4272773
1575564324.1321676,1575564440.528912,1575564440.5407014
1575564324.1321676,1575564440.641899,1575564440.648079
1575564324.1321676,1575564440.749284,1575564440.7555
1575564324.1321676,1575564440.856839,1575564440.863775
1575564324.1321676,1575564440.9649086,1575564440.971257
1575564324.1321676,1575564441.0724103,1575564441.0788188
1575564324.1321676,1575564441.1802206,1575564441.1865804
1575564324.1321676,1575564441.2877514,1575564441.2937686
1575564324.1321676,1575564441.3948588,1575564441.401419
1575564324.1321676,1575564441.5026536,1575564441.5088253
1575564324.1321676,1575564441.610482,1575564441.620489
1575564324.1321676,1575564441.7217267,1575564441.727974
1575564324.1321676,1575564441.8292377,1575564441.836165
1575564324.1321676,1575564441.9375496,1575564441.9438245
1575564324.1321676,1575564442.0450509,1575564442.0513887
1575564324.1321676,1575564442.1525867,1575564442.1590424
1575564324.1321676,1575564442.260149,1575564442.2665765
1575564324.1321676,1575564442.367761,1575564442.3759882
1575564324.1321676,1575564442.4772458,1575564442.4839218
1575564324.1321676,1575564442.5850406,1575564442.5930963
1575564324.1321676,1575564442.694871,1575564442.7050047
1575564324.1321676,1575564442.8064206,1575564442.813345
1575564324.1321676,1575564442.9145365,1575564442.9207456
1575564324.1321676,1575564443.0219254,1575564443.028167
1575564324.1321676,1575564443.129519,1575564443.1365275
1575564324.1321676,1575564443.237725,1575564443.24393
1575564324.1321676,1575564443.3451047,1575564443.351433
1575564324.1321676,1575564443.4526126,1575564443.4597747
1575564324.1321676,1575564443.5610795,1575564443.5672464
1575564324.1321676,1575564443.6684177,1575564443.6744692
1575564324.1321676,1575564443.776264,1575564443.7887666
1575564324.1321676,1575564443.8900254,1575564443.8986092
1575564324.1321676,1575564444.0000198,1575564444.0062811
1575564324.1321676,1575564444.1076071,1575564444.1141276
1575564324.1321676,1575564444.2154043,1575564444.2214797
1575564324.1321676,1575564444.3227396,1575564444.3288352
1575564324.1321676,1575564444.4300213,1575564444.436157
1575564324.1321676,1575564444.537344,1575564444.5437617
1575564324.1321676,1575564444.6449542,1575564444.6514523
1575564324.1321676,1575564444.7526877,1575564444.7592106
1575564324.1321676,1575564444.8609185,1575564444.872262
1575564324.1321676,1575564444.9735088,1575564444.9800296
1575564324.1321676,1575564445.081275,1575564445.0874918
1575564324.1321676,1575564445.1886108,1575564445.1949666
1575564324.1321676,1575564445.296161,1575564445.302118
1575564324.1321676,1575564445.4033208,1575564445.409726
1575564324.1321676,1575564445.5111637,1575564445.517087
1575564324.1321676,1575564445.6183097,1575564445.624996
1575564324.1321676,1575564445.7261806,1575564445.7327375
1575564324.1321676,1575564445.8339853,1575564445.84064
1575564324.1321676,1575564445.9423351,1575564445.9521356
1575564324.1321676,1575564446.0533912,1575564446.059726
1575564324.1321676,1575564446.1609185,1575564446.1672995
1575564324.1321676,1575564446.26851,1575564446.2746208
1575564324.1321676,1575564446.37581,1575564446.3817801
1575564324.1321676,1575564446.4828796,1575564446.4891467
1575564324.1321676,1575564446.590313,1575564446.5989842
1575564324.1321676,1575564446.7002373,1575564446.7064347
1575564324.1321676,1575564446.8076742,1575564446.814456
1575564324.1321676,1575564446.9157245,1575564446.9219303
1575564324.1321676,1575564447.0236182,1575564447.0333834
1575564324.1321676,1575564447.1346254,1575564447.1407561
1575564324.1321676,1575564447.24208,1575564447.2483835
1575564324.1321676,1575564447.3495584,1575564447.3557496
1575564324.1321676,1575564447.4569314,1575564447.463326
1575564324.1321676,1575564447.564619,1575564447.5714352
1575564324.1321676,1575564447.6728106,1575564447.6796193
1575564324.1321676,1575564447.780952,1575564447.7877426
1575564324.1321676,1575564447.889057,1575564447.8959143
1575564324.1321676,1575564447.9972532,1575564448.002879
1575564324.1321676,1575564448.104256,1575564448.1135824
1575564324.1321676,1575564448.2147698,1575564448.2214487
1575564324.1321676,1575564448.322829,1575564448.3295984
1575564324.1321676,1575564448.4311569,1575564448.4372454
1575564324.1321676,1575564448.5384161,1575564448.5447013
1575564324.1321676,1575564448.645875,1575564448.6522472
1575564324.1321676,1575564448.7534146,1575564448.7598934
1575564324.1321676,1575564448.8610733,1575564448.8672397
1575564324.1321676,1575564448.9685123,1575564448.9756649
1575564324.1321676,1575564449.0770414,1575564449.0840814
1575564324.1321676,1575564449.1857007,1575564449.1963775
1575564324.1321676,1575564449.2975717,1575564449.303701
1575564324.1321676,1575564449.4048784,1575564449.4128177
1575564324.1321676,1575564449.5133922,1575564449.515397
1575564324.1321676,1575564449.616359,1575564449.621763
1575564324.1321676,1575564449.7229779,1575564449.7295277
1575564324.1321676,1575564449.8307137,1575564449.8368368
1575564324.1321676,1575564449.9380167,1575564449.944263
1575564324.1321676,1575564450.0454433,1575564450.0516238
1575564324.1321676,1575564450.1527357,1575564450.1596014
1575564324.1321676,1575564450.2615876,1575564450.2746537
1575564324.1321676,1575564450.3758962,1575564450.381985
1575564324.1321676,1575564450.4832544,1575564450.4900324
1575564324.1321676,1575564450.5914557,1575564450.6011715
1575564324.1321676,1575564450.7024627,1575564450.708485
1575564324.1321676,1575564450.8098366,1575564450.815931
1575564324.1321676,1575564450.9171994,1575564450.9234157
1575564324.1321676,1575564451.0246706,1575564451.0306451
1575564324.1321676,1575564451.1319149,1575564451.137906
1575564324.1321676,1575564451.2392342,1575564451.2459316
1575564324.1321676,1575564451.3480172,1575564451.359981
1575564324.1321676,1575564451.461167,1575564451.4696803
1575564324.1321676,1575564451.5707977,1575564451.577014
1575564324.1321676,1575564451.6784887,1575564451.6854377
1575564324.1321676,1575564451.7868793,1575564451.7940624
1575564324.1321676,1575564451.8953726,1575564451.901334
1575564324.1321676,1575564452.0025342,1575564452.008633
1575564324.1321676,1575564452.1098535,1575564452.1160192
1575564324.1321676,1575564452.2172115,1575564452.223552
1575564324.1321676,1575564452.324761,1575564452.330856
1575564324.1321676,1575564452.432575,1575564452.446441
1575564324.1321676,1575564452.547853,1575564452.5545778
1575564324.1321676,1575564452.6558456,1575564452.661982
1575564324.1321676,1575564452.7632344,1575564452.7696342
1575564324.1321676,1575564452.8708293,1575564452.8770356
1575564324.1321676,1575564452.9782307,1575564452.9842384
1575564324.1321676,1575564453.0855937,1575564453.091728
1575564324.1321676,1575564453.1929255,1575564453.1991432
1575564324.1321676,1575564453.300381,1575564453.30631
1575564324.1321676,1575564453.407542,1575564453.415902
1575564324.1321676,1575564453.517876,1575564453.5321827
1575564324.1321676,1575564453.633511,1575564453.6441722
1575564324.1321676,1575564453.7454672,1575564453.7541673
1575564324.1321676,1575564453.855472,1575564453.8639905
1575564324.1321676,1575564453.9651828,1575564453.9734395
1575564324.1321676,1575564454.074652,1575564454.0830865
1575564324.1321676,1575564454.1842446,1575564454.1904385
1575564324.1321676,1575564454.2917535,1575564454.2978132
1575564324.1321676,1575564454.399028,1575564454.4051907
1575564324.1321676,1575564454.506376,1575564454.5135071
1575564324.1321676,1575564454.6152194,1575564454.626682
1575564324.1321676,1575564454.7280312,1575564454.7340572
1575564324.1321676,1575564454.8352065,1575564454.8413272
1575564324.1321676,1575564454.9424262,1575564454.950676
1575564324.1321676,1575564455.0521786,1575564455.061963
1575564324.1321676,1575564455.1633277,1575564455.173067
1575564324.1321676,1575564455.274252,1575564455.2824755
1575564324.1321676,1575564455.3837233,1575564455.3899212
1575564324.1321676,1575564455.4911582,1575564455.4974666
1575564324.1321676,1575564455.5987256,1575564455.604915
1575564324.1321676,1575564455.7065465,1575564455.7202399
1575564324.1321676,1575564455.8214777,1575564455.8292797
1575564324.1321676,1575564455.9305365,1575564455.9426973
1575564324.1321676,1575564456.0439317,1575564456.0561569
1575564324.1321676,1575564456.1573396,1575564456.1638584
1575564324.1321676,1575564456.2651024,1575564456.2710323
1575564324.1321676,1575564456.3722432,1575564456.3790169
1575564324.1321676,1575564456.480265,1575564456.4863143
1575564324.1321676,1575564456.5875535,1575564456.5941324
1575564324.1321676,1575564456.695452,1575564456.7037005
1575564324.1321676,1575564456.8054006,1575564456.8160133
1575564324.1321676,1575564456.9173543,1575564456.9240227
1575564324.1321676,1575564457.0255933,1575564457.033256
1575564324.1321676,1575564457.1345031,1575564457.1430054
1575564324.1321676,1575564457.24434,1575564457.2526412
1575564324.1321676,1575564457.353858,1575564457.3616025
1575564324.1321676,1575564457.4628844,1575564457.4715393
1575564324.1321676,1575564457.5728207,1575564457.5812967
1575564324.1321676,1575564457.6825178,1575564457.6888013
1575564324.1321676,1575564457.7900074,1575564457.7968695
1575564324.1321676,1575564457.8988962,1575564457.9087627
1575564324.1321676,1575564458.0099435,1575564458.015614
1575564324.1321676,1575564458.1168747,1575564458.122995
1575564324.1321676,1575564458.2242274,1575564458.2303658
1575564324.1321676,1575564458.3316944,1575564458.337794
1575564324.1321676,1575564458.439064,1575564458.4452527
1575564324.1321676,1575564458.5464633,1575564458.55328
1575564324.1321676,1575564458.654665,1575564458.661573
1575564324.1321676,1575564458.7627802,1575564458.7691529
1575564324.1321676,1575564458.8702412,1575564458.8765965
1575564324.1321676,1575564458.978189,1575564458.994739
1575564324.1321676,1575564459.0962965,1575564459.1104572
1575564324.1321676,1575564459.2121713,1575564459.2195928
1575564324.1321676,1575564459.3208442,1575564459.327605
1575564324.1321676,1575564459.4288697,1575564459.4349952
1575564324.1321676,1575564459.5362413,1575564459.5425751
1575564324.1321676,1575564459.6440096,1575564459.6501172
1575564324.1321676,1575564459.7513924,1575564459.7574823
1575564324.1321676,1575564459.8586752,1575564459.8649175
1575564324.1321676,1575564459.9661083,1575564459.972635
1575564324.1321676,1575564460.0744092,1575564460.0888307
1575564324.1321676,1575564460.1900072,1575564460.2026994
1575564324.1321676,1575564460.304116,1575564460.3178222
1575564324.1321676,1575564460.4193757,1575564460.4262178
1575564324.1321676,1575564460.5276244,1575564460.5336971
1575564324.1321676,1575564460.6350012,1575564460.6410508
1575564324.1321676,1575564460.742236,1575564460.7486296
1575564324.1321676,1575564460.8500178,1575564460.856263
1575564324.1321676,1575564460.9574757,1575564460.9656627
1575564324.1321676,1575564461.067295,1575564461.0763013
1575564324.1321676,1575564461.17881,1575564461.1911318
1575564324.1321676,1575564461.2923386,1575564461.2985332
1575564324.1321676,1575564461.3998232,1575564461.4059248
1575564324.1321676,1575564461.5072396,1575564461.5135546
1575564324.1321676,1575564461.6147828,1575564461.6223967
1575564324.1321676,1575564461.723759,1575564461.73099
1575564324.1321676,1575564461.8323367,1575564461.8383617
1575564324.1321676,1575564461.9397552,1575564461.9459467
1575564324.1321676,1575564462.0472853,1575564462.0534422
1575564324.1321676,1575564462.1546714,1575564462.1608162
1575564324.1321676,1575564462.2625632,1575564462.2726097
1575564324.1321676,1575564462.3737996,1575564462.3823292
1575564324.1321676,1575564462.4836273,1575564462.4931407
1575564324.1321676,1575564462.5943477,1575564462.6007133
1575564324.1321676,1575564462.7019007,1575564462.7103481
1575564324.1321676,1575564462.811563,1575564462.819888
1575564324.1321676,1575564462.9210365,1575564462.927964
1575564324.1321676,1575564463.029223,1575564463.0359614
1575564324.1321676,1575564463.1374166,1575564463.1446729
1575564324.1321676,1575564463.245918,1575564463.252139
1575564324.1321676,1575564463.3539453,1575564463.3687246
1575564324.1321676,1575564463.4699214,1575564463.477478
1575564324.1321676,1575564463.578665,1575564463.5848882
1575564324.1321676,1575564463.6860719,1575564463.6921704
1575564324.1321676,1575564463.7933562,1575564463.7996047
1575564324.1321676,1575564463.9007618,1575564463.9078188
1575564324.1321676,1575564464.0093691,1575564464.0163097
1575564324.1321676,1575564464.117886,1575564464.124981
1575564324.1321676,1575564464.2263596,1575564464.232743
1575564324.1321676,1575564464.3339627,1575564464.340288
1575564324.1321676,1575564464.442187,1575564464.4559977
1575564324.1321676,1575564464.5572884,1575564464.5658982
1575564324.1321676,1575564464.667174,1575564464.6736505
1575564324.1321676,1575564464.7748578,1575564464.7811415
1575564324.1321676,1575564464.8823245,1575564464.8885808
1575564324.1321676,1575564464.9898171,1575564464.9983866
1575564324.1321676,1575564465.0991068,1575564465.1010413
1575564324.1321676,1575564465.2021606,1575564465.2075617
1575564324.1321676,1575564465.3088913,1575564465.3189783
1575564324.1321676,1575564465.4202015,1575564465.4280815
1575564324.1321676,1575564465.5298476,1575564465.5426736
1575564324.1321676,1575564465.6439269,1575564465.65001
1575564324.1321676,1575564465.7513235,1575564465.7574615
1575564324.1321676,1575564465.8588715,1575564465.8673263
1575564324.1321676,1575564465.968768,1575564465.9774485
1575564324.1321676,1575564466.0781512,1575564466.0814123
1575564324.1321676,1575564466.1824524,1575564466.188121
1575564324.1321676,1575564466.2892876,1575564466.2955112
1575564324.1321676,1575564466.3967652,1575564466.4031363
1575564324.1321676,1575564466.5043237,1575564466.511193
1575564324.1321676,1575564466.6138313,1575564466.6244998
1575564324.1321676,1575564466.7256148,1575564466.7321448
1575564324.1321676,1575564466.833373,1575564466.8395514
1575564324.1321676,1575564466.940902,1575564466.9476898
1575564324.1321676,1575564467.0489037,1575564467.0550902
1575564324.1321676,1575564467.1563714,1575564467.1624892
1575564324.1321676,1575564467.2636917,1575564467.269731
1575564324.1321676,1575564467.370969,1575564467.3787236
1575564324.1321676,1575564467.47996,1575564467.4864779
1575564324.1321676,1575564467.587835,1575564467.5945928
1575564324.1321676,1575564467.696844,1575564467.710001
1575564324.1321676,1575564467.8112638,1575564467.8195374
1575564324.1321676,1575564467.9207854,1575564467.9277956
1575564324.1321676,1575564468.0288732,1575564468.0348246
1575564324.1321676,1575564468.136141,1575564468.142661
1575564324.1321676,1575564468.2440302,1575564468.2522736
1575564324.1321676,1575564468.3536077,1575564468.3611991
1575564324.1321676,1575564468.4623916,1575564468.468578
1575564324.1321676,1575564468.5697806,1575564468.5762832
1575564324.1321676,1575564468.6775208,1575564468.6837995
1575564324.1321676,1575564468.7855587,1575564468.7970934
1575564324.1321676,1575564468.8983023,1575564468.9049115
1575564324.1321676,1575564469.0061104,1575564469.0129077
1575564324.1321676,1575564469.114112,1575564469.1217942
1575564324.1321676,1575564469.2234082,1575564469.2296784
1575564324.1321676,1575564469.3309758,1575564469.3369722
1575564324.1321676,1575564469.4383414,1575564469.4447784
1575564324.1321676,1575564469.5459886,1575564469.552263
1575564324.1321676,1575564469.6534965,1575564469.65986
1575564324.1321676,1575564469.7611642,1575564469.7673452
1575564324.1321676,1575564469.869152,1575564469.8810246
1575564324.1321676,1575564469.9823046,1575564469.9904706
1575564324.1321676,1575564470.091892,1575564470.0981243
1575564324.1321676,1575564470.1992857,1575564470.205311
1575564324.1321676,1575564470.3065124,1575564470.3128173
1575564324.1321676,1575564470.4140007,1575564470.4210024
1575564324.1321676,1575564470.522309,1575564470.528885
1575564324.1321676,1575564470.6302156,1575564470.636832
1575564324.1321676,1575564470.7381566,1575564470.7444048
1575564324.1321676,1575564470.845678,1575564470.8520203
1575564324.1321676,1575564470.953931,1575564470.966423
1575564324.1321676,1575564471.0679107,1575564471.0741942
1575564324.1321676,1575564471.175758,1575564471.1821775
1575564324.1321676,1575564471.283513,1575564471.2896812
1575564324.1321676,1575564471.391072,1575564471.3978322
1575564324.1321676,1575564471.4992492,1575564471.5053458
1575564324.1321676,1575564471.606433,1575564471.613158
1575564324.1321676,1575564471.714513,1575564471.720629
1575564324.1321676,1575564471.8218417,1575564471.8280787
1575564324.1321676,1575564471.929307,1575564471.9355545
1575564324.1321676,1575564472.037327,1575564472.0486352
1575564324.1321676,1575564472.1498847,1575564472.1561637
1575564324.1321676,1575564472.2574592,1575564472.264093
1575564324.1321676,1575564472.3653796,1575564472.37182
1575564324.1321676,1575564472.4730694,1575564472.4800022
1575564324.1321676,1575564472.5813112,1575564472.5876367
1575564324.1321676,1575564472.6891859,1575564472.6970162
1575564324.1321676,1575564472.798437,1575564472.804511
1575564324.1321676,1575564472.9060862,1575564472.9149802
1575564324.1321676,1575564473.0163925,1575564473.023084
1575564324.1321676,1575564473.1257353,1575564473.1394303
1575564324.1321676,1575564473.2408347,1575564473.2476406
1575564324.1321676,1575564473.3490136,1575564473.3575685
1575564324.1321676,1575564473.4590905,1575564473.4693294
1575564324.1321676,1575564473.5705779,1575564473.577513
1575564324.1321676,1575564473.6788218,1575564473.6850243
1575564324.1321676,1575564473.7862024,1575564473.793105
1575564324.1321676,1575564473.8942535,1575564473.9000874
1575564324.1321676,1575564474.0012321,1575564474.0100467
1575564324.1321676,1575564474.111286,1575564474.1175463
1575564324.1321676,1575564474.2199097,1575564474.2298472
1575564324.1321676,1575564474.3312953,1575564474.338307
1575564324.1321676,1575564474.4395857,1575564474.4458194
1575564324.1321676,1575564474.5470984,1575564474.5531693
1575564324.1321676,1575564474.6543906,1575564474.6607792
1575564324.1321676,1575564474.7619634,1575564474.7682216
1575564324.1321676,1575564474.8694086,1575564474.875729
1575564324.1321676,1575564474.9769118,1575564474.9830854
1575564324.1321676,1575564475.084227,1575564475.0903218
1575564324.1321676,1575564475.1917355,1575564475.1984935
1575564324.1321676,1575564475.3002887,1575564475.31497
1575564324.1321676,1575564475.416119,1575564475.424678
1575564324.1321676,1575564475.5259213,1575564475.532222
1575564324.1321676,1575564475.6336026,1575564475.6408622
1575564324.1321676,1575564475.7421827,1575564475.747655
1575564324.1321676,1575564475.8488553,1575564475.8551614
1575564324.1321676,1575564475.9563472,1575564475.9626591
1575564324.1321676,1575564476.0638766,1575564476.0700364
1575564324.1321676,1575564476.1712687,1575564476.1774437
1575564324.1321676,1575564476.2788095,1575564476.2850025
1575564324.1321676,1575564476.386735,1575564476.3981168
1575564324.1321676,1575564476.4994338,1575564476.5056539
1575564324.1321676,1575564476.606733,1575564476.6128712
1575564324.1321676,1575564476.714079,1575564476.7205365
1575564324.1321676,1575564476.8216648,1575564476.8278415
1575564324.1321676,1575564476.9290736,1575564476.9351327
1575564324.1321676,1575564477.036504,1575564477.0446
1575564324.1321676,1575564477.1458116,1575564477.1524162
1575564324.1321676,1575564477.2536206,1575564477.2599802
1575564324.1321676,1575564477.3611758,1575564477.3675902
1575564324.1321676,1575564477.4694407,1575564477.480611
1575564324.1321676,1575564477.5812385,1575564477.583331
1575564324.1321676,1575564477.6838744,1575564477.6856263
1575564324.1321676,1575564477.7866962,1575564477.7923868
1575564324.1321676,1575564477.8936276,1575564477.9003599
1575564324.1321676,1575564478.0016148,1575564478.0123034
1575564324.1321676,1575564478.1135073,1575564478.1246367
1575564324.1321676,1575564478.2259166,1575564478.2335951
1575564324.1321676,1575564478.3348794,1575564478.3407285
1575564324.1321676,1575564478.4419062,1575564478.448877
1575564324.1321676,1575564478.5506175,1575564478.5644703
1575564324.1321676,1575564478.6659493,1575564478.67258
1575564324.1321676,1575564478.7737336,1575564478.7795668
1575564324.1321676,1575564478.880719,1575564478.8863478
1575564324.1321676,1575564478.9875407,1575564478.9935775
1575564324.1321676,1575564479.0947094,1575564479.1025686
1575564324.1321676,1575564479.2040074,1575564479.2106571
1575564324.1321676,1575564479.3119247,1575564479.3179898
1575564324.1321676,1575564479.4192462,1575564479.4259355
